# Vort Hjem (1903), pp. 3-12: disagreements between the earlier transcription and the scan's text layer,
# decided at the image 2026-10-02 (crops from check.py --sheets / --wsheets / --lines).
# page	transcription had	print reads	decision
3	værdisætte	værdsætte	corrected
3	Hvilen endelig beror	Hvilen endeligt beror	corrected
4	Bevidsteds	Bevidstheds	corrected
4	fremtræde i deres	fremtræde efter deres	corrected (layer: eller)
4	Udgangs- og	Udgangs- og	kept (layer drops the hyphen)
5	synes værd at leve	synes værdt at leve	corrected
5	han var en Fjende --- en Helligdom at ty til. Der	han var en Fjende. Der	corrected (phrase not in the print)
5	Sammenhøren. Selv	Sammenhøren, Selv	misprint restored, PRINTED AS IS
5	Inderlighed, Fylde og Hvile. (second occurrence)	roman	kept roman
6	der dannes særegne	der danner sig særegne	corrected
6	hvor det, der bevirkes	hvor dét, der bevirkes	corrected
6	Inderlighed, Samling, Tryghed og Hvile	Inderligheden, Samlingen, Trygheden og Hvilen	corrected
6	hvor de Kræfter, der	hvor de Kræfter, der	kept (layer: Hér)
7	kunne røre sig	kunne røre sig	kept: the mark over the final e is a speck, not an accent (layer: røré)
7	Følelseslivet let	Følelseslivet let	kept: the stroke between the words is a pencil mark (layer: —)
8	som giver den dens	som give den dens	corrected
8	Japanerne	Japaneserne	corrected
9	\emph{Der Islam des neunzehnten Jahrhunderts}	Der Islam des neunzehnten Jahrhundert (roman)	corrected: roman, Jahrhundert
9	\emph{à la franca}	à la franca (roman)	corrected: roman
9	Tænkemaade\ldots\	Tænkemaade. . . .	corrected: four points
9	selvfølgelig er	selvfølgeligt er	corrected
9	Fordringer, der raade	Fordringer. der raade	misprint restored, PRINTED AS IS
9	at der er en større	at der her er en større	corrected
11	Taknemmelighed	Taknemlighed	corrected
11	f.\ eks.\ berøre	f Eks. berøre	misprint restored, PRINTED AS IS
12	f.\ eks.\ i	f. Eks. i	corrected
12	Frihedens Verden	Frihedens. Verden	misprint restored, PRINTED AS IS
10	staaende.	staaende.	kept: the upright over the point is a thin pencil stroke, continuous with the pencil line over „de“ (layer: staaendel; 500 dpi crop)
# italics added (print italic, transcription roman):
3	Inderlighed, Fylde og Hvile.	italic	\emph
4	Fasthed, Stadighed, Gentagelse.	italic	\emph
5	Familiens Udvikling	italic	\emph
7	det omvendte Forhold mellem Livets Styrke og Omfang	italic	\emph
8	et omvendt Forhold mellem Styrke og Indhold.	italic	\emph
9	Gentagelsen	italic	\emph
6	Familien … Kultursamfund og Stat (paa den ene Side …)	italic	\emph (found by the p. 6 spot-read: the first --lines crop had shown the wrong line)
10	en Sky for at bryde Fælleslivet,	italic	\emph
# all other disagreements are layer faults (Fglde, lindes, Rud, Ira, besterntere, ...), listed by check.py --words

# ---- collate/check.py keys (2026-10-03): page|transcription>witness <TAB> T/W/P/=text/? <TAB> note
4|Forandringernes Bølgegang.>ForandringernesTJølgegang.	T	layer misreading
4|vi have>vLJiave	T	layer misreading
4|efter>eller	T	layer misreading
5|sit>sil	T	layer misreading
5|Naturbaandet>Nathrbaandet	T	layer misreading
6|baaret>haaret	T	layer misreading
6|Bud>Rud	T	layer misreading
6|der>Hér	T	layer misreading
7|at>al	T	layer misreading
7|>y	T	layer misreading (margin mark for "y")
8|Følelseslivet let>Følelseslivet—let	T	layer misreading
8|det>del	T	layer misreading
9|à>å	T	layer misreading
9|Hjemmet.>Hjemmel.	T	layer misreading
10|staaende.>staaendel	T	layer misreading
10|fra>Ira	T	layer misreading
10|fra>Ira#2	T	layer misreading
10|bestemtere Udformning af>besterntere Udformning-af-	T	layer misreading
11|at>al	T	layer misreading
12|Arbejdsdelingens>Arbejde delingens	T	layer misreading
12|hidtil>hidli I	T	layer misreading
