# collate/check.py decisions: key <TAB> T/W/P/=text/? <TAB> note   (2026-10-03, witness: KB text layer)
1|>-	T	layer misreading or noise (crop checked)
1|thi>	T	layer misreading or noise (crop checked)
1|I.>‘) I det Væsentlige et Foredrag, holdt i „Studentersamfundet“ den 2. September 1882.	T	layer misreading or noise (crop checked)
2|Naar>IN1 aar	T	layer misreading or noise (crop checked)
2|mellem>.mellem	T	layer misreading or noise (crop checked)
2|Fortolkningsprinciper,>Fortollmingsprinciper,	T	layer misreading or noise (crop checked)
3|»Ideerne«,>»Ideerne Erkendelsesevne	T	layer misreading or noise (crop checked)
3|Erkendelsesevne>	T	layer misreading or noise (crop checked)
5|Realisme>Kealisme	T	layer misreading or noise (crop checked)
6|Aarsager.>AarBBBi BBESI Om Realisme i Videnskab og Tro. sager.	T	layer misreading or noise (crop checked)
7|III.>in.	T	layer misreading or noise (crop checked)
7|materielle. Naar>materieile. V aar	T	layer misreading or noise (crop checked)
9|vi>	T	layer misreading or noise (crop checked)
9|Udgangspunkter>Udgangs-	T	layer misreading or noise (crop checked)
10|finder>Snder	T	layer misreading or noise (crop checked)
10|Virkninger>Virkninger.	T	layer misreading or noise (crop checked)
10|førte>forte	T	layer misreading or noise (crop checked)
10|Troens.>Troens,	T	layer misreading or noise (crop checked)
11|Rod>Bod	T	layer misreading or noise (crop checked)
11|Bestræbelser.>Besaadant stræbelser.	T	layer misreading or noise (crop checked)
11|saadant>	T	layer misreading or noise (crop checked)
12|over>over.	T	layer misreading or noise (crop checked)
12|>—	T	layer misreading or noise (crop checked)
13|»Realister«.>Realister«.	T	layer misreading or noise (crop checked)
13|foregaa de betydningsfuldeste>foregaa. otydningsfuldeste	T	layer misreading or noise (crop checked)
13|komme>komne	T	layer misreading or noise (crop checked)
13|deres>leres	T	layer misreading or noise (crop checked)
13|der>ler	T	layer misreading or noise (crop checked)
13|og>cg	T	layer misreading or noise (crop checked)
13|véd,>véd.	T	layer misreading or noise (crop checked)
13|fører>torer	T	layer misreading or noise (crop checked)
13|Sparsommelighed>Spar- mmelighed	T	layer misreading or noise (crop checked)
13|Forhold>Forheld	T	layer misreading or noise (crop checked)
13|til>tü	T	layer misreading or noise (crop checked)
13|Koncentration>Korcentration	T	layer misreading or noise (crop checked)
13|en Parallel>eaParallel	T	layer misreading or noise (crop checked)
13|med>ned	T	layer misreading or noise (crop checked)
13|ikke>ikte	T	layer misreading or noise (crop checked)
13|mellem>meflem	T	layer misreading or noise (crop checked)
E2|Aarsagers Princip.>roman	T	italic in the print (borderline slant score)
E3|uden>roman	T	italic in the print (borderline slant score)
# italics decided at the image 2026-10-03 and applied by hand: 11 passages made italic (\emph), 2 made roman (alte dubitat ...)
