# collate/check.py decisions: key <TAB> T/W/P/=text/? <TAB> note   (2026-10-03, witness: tesseract OCR, dan)
99|(TRESCHOW,>(TRESCHOY,	T	OCR misreading (crop checked; small caps, „ and *) as printed)
99|HOWITZ).>HOVWITZ).	T	OCR misreading (crop checked; small caps, „ and *) as printed)
99|Niels Treschow (1751—1833),>NIELs TREscHOW (1751— 1833),	T	OCR misreading (crop checked; small caps, „ and *) as printed)
99|(„Gives>(Gives	T	OCR misreading (crop checked; small caps, „ and *) as printed)
109|til>ril	T	OCR misreading (crop checked; small caps, „ and *) as printed)
110|selv?>selv ?')	T	OCR misreading (crop checked; small caps, „ and *) as printed)
110|>%)	T	OCR misreading (crop checked; small caps, „ and *) as printed)
110|forstaae>forstase	T	OCR misreading (crop checked; small caps, „ and *) as printed)
112|Arter>Årter	T	OCR misreading (crop checked; small caps, „ and *) as printed)
113|Arter>Årter	T	OCR misreading (crop checked; small caps, „ and *) as printed)
E113|Pallas's>roman	T	letterspaced in the print (\emph), not italic
99|NIELS TRESCHOW (1751—1833),>NIELs TREscHOW (1751— 1833),	T	OCR misreading of small caps (crop checked)
