# xcheck-sources.tsv -- for each translated book, the Danish text its English was MADE FROM, for
# ebook-method/collate/xcheck.py (BOOK <tab> SOURCE <tab> note).  SOURCE is a git commit (transcription.tex
# as it stood then: the commit of the last large change to the English prose, found 2026-10-03 by diffing
# the prose of successive commits), an .epub path, or "-" (nothing to compare).  When a book's English has
# been checked against the current transcription, say so in the note; the next check starts from the
# commit that contains that repair.
menneskelige-tanke	3d9b759	REPAIRED 2026-10-03 (all differences read; see translation header)
religionsfilosofi	../bibliotek/Høffding, Harald/Religionsfilosofi.epub	translated 2026-08 from the e-book of the 3rd ed.; print transcription 2026-09-28; MEASURED 2026-10-03: 213 wording (94 small), markup 1, punct 634; CHECKED 2026-10-03: all OCR slips/note labels, none in the English; 1 italic added
danske-filosoffer	../bibliotek/Høffding, Harald/Danske_filosoffer.epub	translated 2026-07 from the e-book; print transcription 2026-10-02; MEASURED 2026-10-03: 18 + 2 in notes wording, markup 55; CHECKED 2026-10-03: no wording change; the print italicizes names at first mention, the English (from the e-book) does not -- left for decision
erkendelsesteori-livsopfattelse	../bibliotek/Høffding, Harald/Erkendelsesteori_og_livsopfattelse.epub	translated 2026-06 from the e-book; print transcription 2026-10-01; MEASURED 2026-10-03: 33 + 4 in notes wording, markup 3; CHECKED 2026-10-03: no wording change; 3 stress italics added; 2 wrapped comments in transcription.tex fixed
filosofiske-problemer	../bibliotek/Høffding, Harald/Filosofiske_problemer.epub	translated 2026-08 from the e-book; print transcription 2026-10-02; MEASURED 2026-10-03: 41 wording, markup 9; CHECKED 2026-10-03: no change needed (OCR slips; the English already follows the print)
totalitet-som-kategori	../bibliotek/Høffding, Harald/Totalitet_som_kategori_En_erkendelsesteoretisk_und.epub	translated 2026-08 from the e-book; header says aligned with the print 2026-09-30; MEASURED 2026-10-03: 25 + 9 in notes wording (mostly OCR slips and the category table), markup 53; CHECKED 2026-10-03: no change needed (confirms the header)
kierkegaard-filosof	9ee7317	revised against the 1892 transcription 2026-09
psykologi	72f72e8	translated 2026-09-28 from the 1882 transcription
relation-som-kategori	536174d	last large change to the English 2026-08-23
erindringer	9e64bd7	transcribed sections only
kants-udvikling	d5fde2a	English brought into line with the collation 2026-09-26 (see translation header); MEASURED 2026-10-03: 0
vort-hjem	34ff143	translated 2026-05-15; MEASURED 2026-10-03: 14 wording, markup 39 (collation 2026-10-02 not yet carried into the English); REPAIRED 2026-10-03: 3 readings, 8 emphasis passages
forholdet-tro-viden	f092ed3	retranslated 2026-09-05; transcription marked todo-retranscribe
realisme	0e3c619	translated by 2026-05-24; MEASURED 2026-10-03: 2 wording, markup 35; REPAIRED 2026-10-03: 10 emphasis passages
religion-og-videnskab	9bd1d52	translated 2026-07-09; MEASURED 2026-10-03: 10 wording (all one-letter), markup 1; CHECKED 2026-10-03: spellings only; 1 italic added
pascal-kierkegaard	e9f6d8c	translated 2026-08-07
religionsfilosofiens-opgave	9c75977	translated 2026-08-30
udvalgte-stykker	dfd7b1f	translated 2026-07-27
philosophie-og-theologie	9e64bd7	translated 2026-09-23
positivisme-materialisme	38ff21d	translated 2026-09-27
primitive-familie	ed3c019	translated 2026-09-27
darwinismen	0e3c619	translated by 2026-05-24; no scan found, transcription unverified
begrebet-analogi	-	translation-only (e-book); no transcription of the print to compare with
nyere-filosofis-historie	-	translation-only; no transcription
om-vitalisme	-	translation-only; no transcription
personlighedsprincippet	-	translation-only; no transcription
