# key (section+page|e-book word|e-book>layer)	reading at the image: E = e-book stands, else the printed word	note
F3|Legemet|e>é	E	
F14|Forgasen|s>a	Forgaaen	
F17|Regerings|s>	Regering	
F17|Sneedorffs|>V	E	
F19|itl|t>f	til	
F20|incognito|>kJG2	E	
F28|Kønigsberger|e>é	E	
F28|Aufkl|A>Å	E	
F28|ä|ä>d	E	
F33|Forduft|d>n	Fornuft	
F37|Bamærkninger|>o	E	printed „Bamærkninger“ (a reader corrected it in pencil); kept
F37|Inddeling|e>é	E	
F38|at|t>f	E	
F41|der|e>é	E	
F41|blüht|ü>ii	E	
F41|de|d>a	E	
F45|Sehein|e>c	Schein	
F47|Oehlensehläger|e>c	Oehlenschläger	
F47|Oehlensehläger|ä>å	Oehlenschläger	
F59|I|I>1	E	
F61|nogetsømhelst|ø>o	nogetsomhelst	
F61|Naturen|e>é	E	
F63|Vurdering|urd>t	E	
F66|I|I>1	E	
F72|Herolder|H>Fl	E	
F72||>ÉÉ	E	
F73|Oehlenschlägers|ä>å	E	
F74|Schön|ö>o	E	
F78|sirt|rt>n	sin	
F79|tik|k>l	til	
F89|1797|7>	E	
F92|skiftende|e>é	E	
F97|fofbigaaet|f>r	forbigaaet	
F100|Betagelse|>m	E	
F102|Medens|>II41V	E	
F114|Bestaaert|rt>n	Bestaaen	
F119|håns|å>a	hans	
F129|Det|>QyyViiAaIwyCSLliiryrQjPTAth	E	
F129|fremkaldt|>rvttiv	E	
F133|Oehlenschlägers|ä>å	E	
F134|réligionsfilosofiske|é>e	religionsfilosofiske	
F136|enestaaende|e>é	E	
F136|Den|>YT7tyvj	E	
F137|fur|u>ii	für	
F137|jegnet|j>r	regnet	
F141|nogle|e>é	E	
F145|Görlitz|ö>o	E	
F146|han|n>rt	E	
F150|alt|td>L	E	
F158|i|i>T	E	
F159|Etikens|ti>n	E	
F164|i|iK>JJt	E	
F164|I|I>f	E	
F165|efterhaanden|>y1nrmjSmignhermedminBestemmelseafBegrebetpsykiskEnergiPsykologiFemteUdgp67123182ogPierreJanetsdertilsvarendeBegrebtensionpsychologiqueLesobsessionsetlapsychathénisParis1903Ip265ff488ffvV	E	
F169|i|i>J	E	
F174|I|I>1	E	
F177|Stirner|rn>m	E	
F177|Dreier|>itiii7iIIliI	E	
F178|særegen|e>é	E	
F178|den|n>m	dens	
F179|Système|è>é	E	
F185|underkastes|>é	E	
F193|Virkelighed|>mTavVfwmmffjfifemC	E	
F193|extermo|mo>n	externo	printed „externo“; pencil correction in this copy ignored
F193|staa|>iicfViiimV1iIii	E	
F194|Aandsdannelse|lse>kp	E	
F195||>ii13	E	
F201|al|l>b	E	
F201|i|i>j	E	
F204|ved|e>é	E	
F205|Former|e>é	E	
N4||Noter>	E	
N5|reisefærdig|i>j	E	
N8|Se|>Liij	E	
N27|I|I>1	E	
N30|verständiger|ä>a	E	
N30|Grösse|ö>o	E	
N30|öfters|ö>o	E	
N30|Denkwürdigkeiten|ü>ii	E	
N32|des|d>l	E	
N32|l’ame|l>V	E	
N32|l’ame|m>rn	E	
N32|Genève|è>é	E	
N42|Friedländer’s|ä>å	E	
N42|Grundzüge|>fik1vfa	E	
N46|zur|u>a	E	
N48|I|>imry	E	
N60|Imod|>sk1Li	E	
N70|Af|>AtvVJj	E	
N90|døn|ø>e	den	
N92|i|i>1	E	
N96|Se|>j3fjHPa	E	
N97|Oehlenschlägers|ä>å	E	
N127|Heiberg|>rcz1	E	
N145|de|deforskell>Éu	E	
N165|Smlgn|Smlgnhermedm>	E	
N165|min|nBestemmelseafBegrebetpsyk>	E	
N175|Kierkegaard|KierkegaardanedeatNatur>	E	
N175|Videnskab|dens>å	E	
F15|Tanker|.>,	E	speck or the layer misread; e-book stands
F17|videregaaende|>!	E	speck or the layer misread; e-book stands
F19|allerede|,>	-	
F20|Beskaffenheder|“,>	E	speck or the layer misread; e-book stands
F21|Kosmologi|);>),	=),	
F27|Taknemmeligheden|>,	E	speck or the layer misread; e-book stands
F33|siger|, „>, ,-,	E	speck or the layer misread; e-book stands
F34|indskærper|>.	E	speck or the layer misread; e-book stands
F36|vakt|;>,	=,	
F40|var|>,	E	speck or the layer misread; e-book stands
F40|det|,>	-	
F42|Først|>,	E	speck or the layer misread; e-book stands
F43|forsvundne|?“>?" !	E	speck or the layer misread; e-book stands
F44|træde|>,	E	speck or the layer misread; e-book stands
F44|det|,>.	=.	
F47|for|>.	E	speck or the layer misread; e-book stands
F50|Punkt|>,	E	speck or the layer misread; e-book stands
F50|overfor|>:	E	speck or the layer misread; e-book stands
F50|Bøger|>:	E	speck or the layer misread; e-book stands
F52|kalde|>,	E	speck or the layer misread; e-book stands
F52|Særegenheder|,>, .	E	speck or the layer misread; e-book stands
F55|granskende|>:	E	speck or the layer misread; e-book stands
F55|vi|>,	E	speck or the layer misread; e-book stands
F56|kundgør|>,	E	speck or the layer misread; e-book stands
F57|1814|>.	E	speck or the layer misread; e-book stands
F58|1806|)>).	=).	
F60|det|>.	E	speck or the layer misread; e-book stands
F61|bøje|,>	-	
F61|sin|,>	-	
F61|hertil|,>;	=;	
F61|Naturen|,>	-	
F63|Vurdering|,>^	E	speck or the layer misread; e-book stands
F64|de|>.	E	speck or the layer misread; e-book stands
F72|Tro|,>.	=.	
F75|Magt|,>;	=;	
F80|Biografi|;>,	=,	
F83|Væsens|>.	E	speck or the layer misread; e-book stands
F84|Værdi|,>.	=.	
F85|Ex|,>.	=.	
F90|den|>!	E	speck or the layer misread; e-book stands
F94|hos|.>	-	
F102|Steder|>; ",	E	speck or the layer misread; e-book stands
F103|Konstruktion|>,	E	speck or the layer misread; e-book stands
F105|Alvirksomme|>- , ?	E	speck or the layer misread; e-book stands
F109|om|>!/:	E	speck or the layer misread; e-book stands
F110|saadan|>;	E	speck or the layer misread; e-book stands
F114|kommer|,>	-	
F115|saalidt|>;	E	speck or the layer misread; e-book stands
F117|sysler|,>	-	
F123|Møller|>,	E	speck or the layer misread; e-book stands
F131|lider|>,	E	speck or the layer misread; e-book stands
F135|Uendelige|,>	-	
F136|fundet|,>, !	E	speck or the layer misread; e-book stands
F143|en|>.	E	speck or the layer misread; e-book stands
F143|religiøse|>.	E	speck or the layer misread; e-book stands
F148|mellem|>.	E	speck or the layer misread; e-book stands
F151|gives|.>^	E	speck or the layer misread; e-book stands
F155|Gud|.>. (	E	speck or the layer misread; e-book stands
F157|Enten|—>— !//	E	speck or the layer misread; e-book stands
F165|inderligere|>- :	E	speck or the layer misread; e-book stands
F166|dette|>,	E	speck or the layer misread; e-book stands
F168|fra|>.	E	speck or the layer misread; e-book stands
F172|Urkristendommen|:>	-	
F178|Forudsætning|,>, .	E	speck or the layer misread; e-book stands
F180|Erkendelse|,>.	=.	
F186|Sætninger|; „>: „	=:	
F186|Sandhedens|>,	E	speck or the layer misread; e-book stands
F186|Sandhedserkendelse|>- ;	E	speck or the layer misread; e-book stands
F186|Rette|>:	E	speck or the layer misread; e-book stands
F187|disse|>.	E	speck or the layer misread; e-book stands
F187|skulde|>,	E	speck or the layer misread; e-book stands
F197|væsentlig|>.	E	speck or the layer misread; e-book stands
F198|af|>,	E	speck or the layer misread; e-book stands
F198|Formulering|>,	E	speck or the layer misread; e-book stands
F200|begge|>,	E	speck or the layer misread; e-book stands
N22|Religionsfilosofi|§§>. $$	E	speck or the layer misread; e-book stands
N41|Aarhundrede|: (>. (	=.	
N41|attende|>,	E	speck or the layer misread; e-book stands
N47|Udvikling|.>,	E	speck or the layer misread; e-book stands
N56|Smlgn|.>,	E	speck or the layer misread; e-book stands
N61|N|.>. ,	E	speck or the layer misread; e-book stands
N63|Kirkespejlet|.>,	E	speck or the layer misread; e-book stands
N67|Arbejde|,>.	=.	
N97|optraadte|,>	-	
N143|ældre|.>	-	
N153|Filosof|.>,	E	speck or the layer misread; e-book stands
N159|Efterskrift|.>,	E	speck or the layer misread; e-book stands
N167|Levned|.>,	E	speck or the layer misread; e-book stands
N182|Udgave|.>,	E	speck or the layer misread; e-book stands
N185|Martensens|,>	-	
N197|ham|,>.,	E	speck or the layer misread; e-book stands
P5|Hermed|break in the e-book, no indent	E	
P9|m|indent, no break in the e-book	E	
P67|gi|indent, no break in the e-book	E	
P69|Havde|break in the e-book, no indent	E	
P69|Og-i|break in the e-book, no indent	E	
P69|I|break in the e-book, no indent	E	
P70|Baggesens|break in the e-book, no indent	E	
P70|Fra|break in the e-book, no indent	E	
P102|I|break in the e-book, no indent	E	
P129|v|indent, no break in the e-book	E	
P136|v|break in the e-book, no indent	E	
P140|Perseus.|indent, no break in the e-book	E	
P147|er|break in the e-book, no indent	E	
P155|Kierkegaard|break in the e-book, no indent	E	
P157|1/1|break in the e-book, no indent	E	
P165|Smign.|indent, no break in the e-book	E	
P175|Kierkegaard|indent, no break in the e-book	E	
P183|der|indent, no break in the e-book	E	
P185|é|indent, no break in the e-book	E	
P194|IT|break in the e-book, no indent	E	
F85|neldede|n>Ii	heldede	the h has a broken ascender in this copy
N106|1843|1843>	E	last line „1843.“ dropped from the layer split (figures only)
N108|1829|18291830>	E	last line dropped from the layer split
N148|ikke|ke>	E	„ik-|ke“ at the line end
N170|XIV|XIV>	E	last line dropped from the layer split
N172|1856|1856>	E	last line dropped from the layer split
