# page	find (in the emitted LaTeX of that page)	replace (⏎ = newline)	reason
77	\textsc{Leo Tolstoy} af	\textsc{Leo Tolstoy} som Selvhævdelsen af	the e-book omits „som Selvhævdelsen“ (image p. 77)
50	(S0)	(S\textsubscript{0})	subscript in the print, on the line in the e-book
50	(Os).	(O\textsubscript{s}). %⏎% PRINTED AS IS: subscript s for 0 (also p. 51)⏎	subscript in the print; the print has s
51	S0 eller Os	S\textsubscript{0} eller O\textsubscript{s} %⏎% PRINTED AS IS: subscript s for 0 (as on p. 50)⏎	as p. 50
46	og. Udsnittet	og Udsnittet	stray point in the e-book; none in the print (image p. 46)
89	til Hegel (	til Hegel. %⏎% UNSURE: a faint point after „Hegel“ (not in the e-book)⏎(	image p. 89
90	(πϱòς oἷσπεϱ ϑεòς ὤυ ϑεῖóς ἐστι).(	(πρὸς οἷσπερ θεὸς ὢν θεῖός ἐστι). (	the e-book garbles the Greek (Latin o, ϱ, ϑ, υ for ν); set from the image p. 90
85	(S 3).	(S 3). %⏎% PRINTED AS IS: no point after S⏎	the print (and the e-book): „(S 3)“
85	(S 8).	(S 8). %⏎% PRINTED AS IS: no point after S⏎	as printed
89	(S 46).	(S 46). %⏎% PRINTED AS IS: no point after S⏎	as printed (layer agrees)
87	Domme.} p. 32 f	Domme.} p. 32 f.	the e-book drops the final point (image p. 87)
47	1dentitetsforhold	1dentitetsforhold %⏎% PRINTED AS IS: the figure 1 for I⏎	wrong sort (image p. 47)
