# collate/check.py decisions: key <TAB> T/W/P/=text/? <TAB> note   (2026-10-03, witness: tesseract 4 OCR, fra)
221|ou>Ou	T	OCR misreading (crop checked)
221|des Églises>des-Églises	T	OCR misreading (crop checked)
222|exige.>>xige.	T	OCR misreading (crop checked)
222|s'écria :>s’écria:	T	OCR misreading (crop checked)
222|Zama ;>Lama;	T	OCR misreading (crop checked)
222|! »>	T	OCR misreading (crop checked)
222|>“	T	OCR misreading (crop checked)
222|proche>proeke	T	OCR misreading (crop checked)
222|Ce>Ge	T	OCR misreading (crop checked)
222|développé>dévetoppé	T	OCR misreading (crop checked)
222|du>du,	T	OCR misreading (crop checked)
222|ce que>ce.que	T	OCR misreading (crop checked)
222|Ils>Lis	T	OCR misreading (crop checked)
222|Ils>Hs	T	OCR misreading (crop checked)
222|non>nor	T	OCR misreading (crop checked)
222|Ils>Hs#2	T	OCR misreading (crop checked)
222|sous>sous.	T	OCR misreading (crop checked)
223|s'entrelacer>s'’entrelacer	T	OCR misreading (crop checked)
223|tellement>tel -. lement	T	OCR misreading (crop checked)
223|Athéniens.>Alhéniens.	T	OCR misreading (crop checked)
223|l'Apologie>l'A pologie	T	OCR misreading (crop checked)
224|complètes>complètes.	T	OCR misreading (crop checked)
224|Iéna).>léna).	T	OCR misreading (crop checked)
224|a>à	T	OCR misreading (crop checked)
224|1913,>1943,	T	OCR misreading (crop checked)
224|a>à#2	T	OCR misreading (crop checked)
224|1850)>1850!)	T	OCR misreading (crop checked)
224|>{	T	OCR misreading (crop checked)
224|>1.	T	OCR misreading (crop checked)
224|M.>M,	T	OCR misreading (crop checked)
225|I.>1.	T	OCR misreading (crop checked)
225|Mme>M®”e	T	OCR misreading (crop checked)
225|;>:	T	OCR misreading (crop checked)
225|son>son.	T	OCR misreading (crop checked)
225|fallût>fallàt	T	OCR misreading (crop checked)
225|l'empêcha>l’empécha	T	OCR misreading (crop checked)
225|Il>I	T	OCR misreading (crop checked)
225|le>le,	T	OCR misreading (crop checked)
226|Dieu>Dieu,	T	OCR misreading (crop checked)
226|lie>Lie	T	OCR misreading (crop checked)
226|il>“il	T	OCR misreading (crop checked)
226|lui-même.>luimême.	T	OCR misreading (crop checked)
226|a>à	T	OCR misreading (crop checked)
227|Gœthe>Gæthe	T	OCR misreading (crop checked)
227|la>ia	T	OCR misreading (crop checked)
227|Il>I]	T	OCR misreading (crop checked)
227|insouciance>imsoucianee	T	OCR misreading (crop checked)
227|ce n'est>cen'est	T	OCR misreading (crop checked)
227|d'exigences>d’'exigences	T	OCR misreading (crop checked)
228|toute la>toute,	T	OCR misreading (crop checked)
228|personnelle.>personnelle..	T	OCR misreading (crop checked)
228|la production>la-production	T	OCR misreading (crop checked)
228|>-	T	OCR misreading (crop checked)
228|>-#2	T	OCR misreading (crop checked)
229|métamorphose...>métamorphose.	T	OCR misreading (crop checked)
229|A>À	T	OCR misreading (crop checked)
229|campagne.>campagne,	T	OCR misreading (crop checked)
229|exécution>exéeution	T	OCR misreading (crop checked)
229|C'eût>C’eùt	T	OCR misreading (crop checked)
229|l'Exercice>l’Æxercice	T	OCR misreading (crop checked)
229|II.>	T	OCR misreading (crop checked)
230|propositions>propositions,	T	OCR misreading (crop checked)
230|démêler>démèêler	T	OCR misreading (crop checked)
230|Mme>M”°	T	OCR misreading (crop checked)
230|Il>I]	T	OCR misreading (crop checked)
230|Il>Îl	T	OCR misreading (crop checked)
231|et>eb	T	OCR misreading (crop checked)
231|>-	T	OCR misreading (crop checked)
231|>-#2	T	OCR misreading (crop checked)
231|reçues,>recues,	T	OCR misreading (crop checked)
232|s'exercer>s’exercer.	T	OCR misreading (crop checked)
232|convaincu>convaineu	T	OCR misreading (crop checked)
232|précipitation>précipita- , tion	T	OCR misreading (crop checked)
232|trouvait>trouvait.	T	OCR misreading (crop checked)
232|La>Là	T	OCR misreading (crop checked)
232|maître,>maitre,	T	OCR misreading (crop checked)
232|1846).>1846)*,	T	OCR misreading (crop checked)
232|Alsluttende>1, Alstuitende	T	OCR misreading (crop checked)
232|Efterskrift.>Eftershrift.	T	OCR misreading (crop checked)
233|arrière.>arrière,	T	OCR misreading (crop checked)
233|Kierkegaard>kierkegaard	T	OCR misreading (crop checked)
233|rien>rièn	T	OCR misreading (crop checked)
233|attitudes>atiitudes	T	OCR misreading (crop checked)
233|: aux circonférences)>:-aux cir- - conférences)	T	OCR misreading (crop checked)
233|il>il!	T	OCR misreading (crop checked)
233|Donc>Done	T	OCR misreading (crop checked)
234|décrit>déecrit	T	OCR misreading (crop checked)
234|Au-dessus>Audessus	T	OCR misreading (crop checked)
234|déroule la>déroule.la	T	OCR misreading (crop checked)
235|abîme>abime	T	OCR misreading (crop checked)
235|catholicisme>cathoHeisme	T	OCR misreading (crop checked)
235|s'arrêtent>s'arrétent	T	OCR misreading (crop checked)
235|s'assimilant>És'assimilant	T	OCR misreading (crop checked)
235|précédé>précédé:	T	OCR misreading (crop checked)
236|imminente>itmrninente	T	OCR misreading (crop checked)
236|>-	T	OCR misreading (crop checked)
236|>-#2	T	OCR misreading (crop checked)
236|diminuant.>diminuant:	T	OCR misreading (crop checked)
236|âpre,>äpre,	T	OCR misreading (crop checked)
236|transmise>trañsmise	T	OCR misreading (crop checked)
236|de>de.	T	OCR misreading (crop checked)
237|royaume>foyaume	T	OCR misreading (crop checked)
237|doivent>doïvent	T	OCR misreading (crop checked)
237|a>à	T	OCR misreading (crop checked)
238|a>à	T	OCR misreading (crop checked)
238|baptême>baptéme	T	OCR misreading (crop checked)
238|a>à#2	T	OCR misreading (crop checked)
238|que les>quelles	T	OCR misreading (crop checked)
238|18e>18°	T	OCR misreading (crop checked)
238|s'occuper>s’oceuper	T	OCR misreading (crop checked)
239|publier lui-même>publier!ui-même	T	OCR misreading (crop checked)
239|A>À	T	OCR misreading (crop checked)
239|reçut>recut	T	OCR misreading (crop checked)
239|1847-1850>1847-1350	T	OCR misreading (crop checked)
239|aperçut>apercut	T	OCR misreading (crop checked)
239|—>	T	the em-dash after „modernes,“ stands far right, outside the crop: verified at 300 dpi in the transcription's note
239|L'Exercice dans>L'Exercicedans	T	OCR misreading (crop checked)
239|Christianisme (1850),>CGhristianisme(1850),	T	OCR misreading (crop checked)
239|qu'on a>qu’ona	T	OCR misreading (crop checked)
239|sépare>- Sépare	T	OCR misreading (crop checked)
239|fulgurante,>l'ulgurante,	T	OCR misreading (crop checked)
239|(1855).>(1855J.	T	OCR misreading (crop checked)
239|Il>I]	T	OCR misreading (crop checked)
240|concessions>concessions.	T	OCR misreading (crop checked)
240|venir>vénir	T	OCR misreading (crop checked)
240|d'Exercice>d'Æxercice	T	OCR misreading (crop checked)
240|la>ia	T	OCR misreading (crop checked)
241|soi-disant>soidisant	T	OCR misreading (crop checked)
241|>,	T	OCR misreading (crop checked)
241|a>à	T	OCR misreading (crop checked)
241|français).>francais).	T	OCR misreading (crop checked)
241|dans>dans.	T	OCR misreading (crop checked)
241|A>À	T	OCR misreading (crop checked)
241|confirmation>confirmaRev. Mira. — T. XXX (no 2, 1923). tion	T	OCR misreading (crop checked)
242|pas>pas.	T	OCR misreading (crop checked)
242|>-	T	OCR misreading (crop checked)
242|s'occuper>s'eccuper	T	OCR misreading (crop checked)
242|culte>eulte	T	OCR misreading (crop checked)
242|dominantes>dominantés	T	OCR misreading (crop checked)
242|en>	T	OCR misreading (crop checked)
242|qu'ont>‘qu’ont	T	OCR misreading (crop checked)
242|la>là	T	OCR misreading (crop checked)
242|>{	T	OCR misreading (crop checked)
242|admettrait,>adméttrait,	T	OCR misreading (crop checked)
243|malaisé>mâlaisé	T	OCR misreading (crop checked)
243|grecque,>greeque,	T	OCR misreading (crop checked)
244|occidentale>oceidentale	T	OCR misreading (crop checked)
244|Il>I]	T	OCR misreading (crop checked)
244|a>à	T	OCR misreading (crop checked)
244|façon>facon	T	OCR misreading (crop checked)
244|a>à#2	T	OCR misreading (crop checked)
245|la>la.	T	OCR misreading (crop checked)
246|Il>H	T	OCR misreading (crop checked)
246|enseignement>enseinement	T	OCR misreading (crop checked)
246|>frésors humains.	T	OCR misreading (crop checked)
246|trésors humains.>	T	OCR misreading (crop checked)
246|HÖFFDING.>HôFrpine.	T	OCR misreading (crop checked)
E234|sera>italic	T	roman in the print
